id_patient_fact,nom_famille,prenoms,tel_contact,email_contact,adresse_facturation
FACT-P-000001,MORENO,Théodore,+33 (0)6 2,gledoux@example.com,"96, rue Coulon, 56867 Peron-les-Bains"
FACT-P-000002,CARPENTIER,Gabriel,+33 2 29 7,rene00@example.org,"boulevard Zacharie Payet, 25473 Rousset-sur-Fernandes"
FACT-P-000003,CHARPENTIER,Pierre,03 51 34 3,mjean@example.org,"750, boulevard Aurélie Garcia, 42577 Sainte Bernadette"
FACT-P-000004,GAUDIN,René,+33 4 76 0,calves@example.com,"75, boulevard Henri Perrier, 35359 Parent"
FACT-P-000005,DIJOUX,Hugues,0143937434,colletsusanne@example.com,"66, avenue Nathalie Le Goff, 36836 MaryBourg"
FACT-P-000006,CORDIER,Louise,0557944392,sgomez@example.org,"81, boulevard Renée Diaz, 45202 Moreau"
FACT-P-000007,FERNANDES,Étienne,0258813582,richardmarchand@example.net,"chemin Bègue, 22137 Rocher"
FACT-P-000008,ROUX,Zacharie,+33 (0)2 3,ucharles@example.com,"11, avenue Honoré Lévêque, 86239 Sainte Marinedan"
FACT-P-000009,MEYER,Émile,+33 (0)3 6,pelletierlaurent@example.com,"9, boulevard Rey, 47208 Wagner"
FACT-P-000010,GUYON,Édith,0232408063,josettebonnet@example.net,"95, chemin Samson, 03141 Klein"
FACT-P-000011,TECHER,Éléonore,+33 5 87 7,david00@example.com,"28, avenue Michel Bodin, 48291 Hamonnec"
FACT-P-000012,MAILLOT,Éléonore,0450969246,claudejean@example.com,"62, chemin Fontaine, 11400 Lombard"
FACT-P-000013,BECKER,Claudine,+33 1 73 4,brunetmatthieu@example.com,"27, chemin de Maillet, 83938 Saint Édith"
FACT-P-000014,RODRIGUEZ,Vincent,+33 (0)3 3,cmartel@example.com,"447, chemin Aubert, 16604 Saint Alexandrie"
FACT-P-000015,DIJOUX,Christine,0361549614,xmorvan@example.net,"322, avenue de Louis, 86331 Besson-sur-Tanguy"
FACT-P-000016,MAILLOT,Léon,03 52 08 1,adrienne29@example.net,"356, avenue Valentine Girard, 77246 Giraud"
FACT-P-000017,POULAIN,Victor,04 20 20 0,capucinelelievre@example.net,"77, rue Baron, 05179 Sainte Paulette"
FACT-P-000018,LABBÉ,Hugues,01 82 68 8,brigittepoirier@example.net,"95, avenue de Pruvost, 39970 DuhamelBourg"
FACT-P-000019,MOULIN,Noël,03 23 51 2,guilbertgenevieve@example.org,"26, avenue Théodore Dijoux, 20450 Cousin"
FACT-P-000020,TRAORE,Pierre,02 47 76 3,adiallo@example.net,"41, rue Pichon, 90670 Didier"
FACT-P-000021,MAILLOT,Léon,+33 (0)6 2,guy88@example.org,"356, avenue Valentine Girard, 77246 Giraud"
FACT-P-000022,AUBRY,Benoît,+33 2 23 5,henriette19@example.net,"10, chemin Grenier, 58445 Barre-sur-Gros"
FACT-P-000023,BOUVIER,Léon,+33 2 90 9,guillaumelelievre@example.org,"297, rue Girard, 31162 Ribeiro"
FACT-P-000024,CHAUVIN,Henri,0233194311,uleroy@example.org,"357, avenue Susanne Lejeune, 45600 Bègue-sur-Colas"
FACT-P-000025,LOMBARD,Bernadette,06 17 78 6,bernardadrien@example.com,"9, avenue de Pineau, 14514 Ferreira-sur-Labbé"
FACT-P-000026,LEBRETON,Emmanuelle,05 47 03 6,marcelvalette@example.com,"54, boulevard William Gaillard, 51902 Lacroix"
FACT-P-000027,SAMSON,Élodie,05 96 60 6,wbernard@example.net,"92, rue Morin, 27881 Roger"
FACT-P-000028,LEMAIRE,Margaud,0245605416,jeanneveu@example.com,"99, avenue Lombard, 37205 Sainte Audrey"
FACT-P-000029,MORÉNO,Eugène,0449552399,lsanchez@example.net,"292, avenue de Perrier, 91188 Sainte Véronique"
FACT-P-000030,GOMEZ,Georges,0531958307,antoinelucas@example.org,"166, chemin Mary, 31326 Sainte Luce"
FACT-P-000031,ROUSSEL,Yves,0748137377,elisemartel@example.org,"chemin Alexandre Moreno, 75324 Lambert-sur-Mer"
FACT-P-000032,GOMES,Stéphane,+33 (0)3 7,christianemoreno@example.org,"87, chemin Gay, 97453 Cohen"
FACT-P-000033,SANCHEZ,Laurent,03 51 23 3,grobert@example.com,"719, chemin Mary, 03632 Simon"
FACT-P-000034,LÉBLANC,Catherine,03 45 44 9,veroniquebruneau@example.com,"25, boulevard Lamy, 67680 Bousquet"
FACT-P-000035,HARDY,Tristan,0434312095,bernard19@example.org,"7, chemin Cohen, 46729 Saint Marcel-sur-Mer"
FACT-P-000036,MÉNDÈS,Josette,+33 6 38 7,christelle07@example.com,"9, rue Aimée Da Costa, 34680 Riou-sur-Clément"
FACT-P-000037,JEAN,Jérôme,01 80 97 3,adelaidebonneau@example.com,"88, rue Leclercq, 14175 Allard"
FACT-P-000038,BLANC,Lucas,0361285309,dmahe@example.org,"885, boulevard Gautier, 51839 Hervé-sur-Millet"
FACT-P-000039,MÉNARD,Françoise,+33 5 16 1,suzanne60@example.com,"22, chemin Charles Brunel, 76596 Pascal"
FACT-P-000040,LEFÈVRE,Olivie,06 32 82 6,aimee81@example.net,"95, rue de Boutin, 51227 Meunier"
FACT-P-000041,CHEVALIER,Marcelle,+33 5 34 8,lroux@example.net,"745, rue Michel Rousset, 78291 Simon-sur-Lemaire"
FACT-P-000042,AUBERT,Jacqueline,02 30 61 3,theodorebonneau@example.com,"900, chemin Joséphine Roy, 10939 Muller-sur-Leclercq"
FACT-P-000043,BECKER,Claudine,+33 1 73 4,emmanuelleblot@example.org,"42, chemin Hervé, 82171 Renard-les-Bains"
FACT-P-000044,BRUNEL,André,06 30 92 8,dupuygeorges@example.net,"78, chemin Lorraine Maury, 20456 Mahe"
FACT-P-000045,LEBLANC,Catherine,+33 (0)6 5,emmanuelchevallier@example.com,"avenue Inès Bailly, 57237 Raynaud"
FACT-P-000046,MENDÈS,Josette,03 52 92 7,penelope18@example.net,"rue de Collet, 73607 Martineau"
FACT-P-000047,MICHAUD,Maryse,+33 3 51 3,suzanneraymond@example.org,"24, rue Frédérique Jacques, 80619 Saint Margaret-sur-Mer"
FACT-P-000048,GOMÉZ,Georges,0531958307,gayxavier@example.org,"rue de Leblanc, 28619 Regnier-sur-Mer"
FACT-P-000049,MEYER,Émile,+33 5 36 5,elodiebaudry@example.org,"1, avenue Traore, 58347 Gaillard-sur-Poulain"
FACT-P-000050,ARNAUD,Marcelle,+33 (0)2 5,elegrand@example.net,"80, boulevard Valentine Gérard, 02354 Saint Édith"
FACT-P-000051,CHAUVIN,Emmanuel,0353663994,zsanchez@example.com,"3, rue de Fischer, 17823 Maillard-la-Forêt"
FACT-P-000052,REY,Jeanne,0557863775,oliviersalmon@example.com,"11, rue Peltier, 62999 Bouvier"
FACT-P-000053,PASCAL,Marcelle,+33 (0)3 6,mvallee@example.net,"52, chemin Nicolas Moreau, 97121 Fischernec"
FACT-P-000054,LABBÉ,Christophe,+33 2 77 4,boyerluce@example.com,"74, chemin de Ferreira, 42371 Aubry-sur-Garnier"
FACT-P-000055,CARPENTIER,Nathalie,0449584231,paulette54@example.com,"boulevard de Payet, 20599 Saint Anoukdan"
FACT-P-000056,MARTY,Adrien,+33 (0)4 8,gilbert89@example.org,"34, rue Margaret Louis, 37338 Lemonnier"
FACT-P-000057,LÉDOUX,Marcelle,06 28 40 8,davidrodriguez@example.org,"847, chemin Masse, 91798 SeguinVille"
FACT-P-000058,DIJOUX,Christine,0361549614,epoirier@example.com,"46, chemin Royer, 45548 Sainte Lucas"
FACT-P-000059,LEDOUX,Marcelle,+33 (0)3 8,evrardfrancois@example.com,"59, avenue de Descamps, 54678 Sainte Isaac"
FACT-P-000060,SIMON,Pierre,04 76 79 5,scousin@example.com,"25, rue de Carpentier, 44283 Poulain-les-Bains"
FACT-P-000061,CARLIER,Sophie,+33 5 67 7,deschampsmartine@example.org,"444, rue Jeanne Barbe, 34160 Ferreira"
FACT-P-000062,JACQUOT,Bernard,+33 4 91 3,oliviejoly@example.org,"49, boulevard Arthur Peron, 29899 Laurent-la-Forêt"
FACT-P-000063,DUPUY,Jeannine,03 85 32 4,robertbenard@example.net,"4, rue de Hoareau, 09461 Kleindan"
FACT-P-000064,BOUTIN,Thibault,+33 (0)5 6,claudineblot@example.org,"42, chemin Dorothée David, 82578 Sainte Denis"
FACT-P-000065,MARTEL,Alice,+33 (0)4 9,christine48@example.com,"953, rue Bouchet, 68339 Maillet-sur-Foucher"
FACT-P-000066,TANGUY,Dominique,+33 (0)2 1,marthe76@example.org,"98, rue Julie Vincent, 77972 Besnardnec"
FACT-P-000067,ROCHE,Léon,+33 6 99 0,danielleleroy@example.org,"42, rue Mathilde Hebert, 20453 Saint Victoireboeuf"
FACT-P-000068,MAILLARD,Julie,+33 (0)5 8,zacharie49@example.net,"chemin Monnier, 91354 Leblanc-sur-Mer"
FACT-P-000069,PETIT,Jérôme,+33 (0)4 8,margotperon@example.com,"468, boulevard Collet, 64140 Hubertboeuf"
FACT-P-000070,BRETON,Anastasie,04 94 52 9,thibaultluc@example.net,"12, boulevard de Henry, 30729 Gaillard-sur-Leduc"
