patient_id_rdv,nom,prenom,sexe,telephone,adresse
RDV-P-0001,MORENO,Théodore,Masculin,+33 (0)6 26 35 80 43,"96, rue Coulon, 56867 Peron-les-Bains"
RDV-P-0002,CHAUVIN,Henri,Masculin,0233194311,"357, avenue Susanne Lejeune, 45600 Bègue-sur-Colas"
RDV-P-0003,LEMAIRE,Margaud,Féminin,0245605416,"99, avenue Lombard, 37205 Sainte Audrey"
RDV-P-0004,BECKER,Jules,Masculin,+33 (0)2 76 40 73 62,"130, avenue de Fernandez, 57969 Reynaud"
RDV-P-0005,TRAORE,Pierre,Masculin,02 47 76 31 93,"41, rue Pichon, 90670 Didier"
RDV-P-0006,PONS,Roland,Masculin,06 37 43 91 01,"8, rue Besson, 19667 Renault"
RDV-P-0007,GIRAUD,Benoît,Masculin,+33 (0)6 68 25 15 11,"9, chemin Marie Raymond, 33636 Marty-sur-Turpin"
RDV-P-0008,ROCHE,Léon,Masculin,+33 6 99 09 47 92,"42, rue Mathilde Hebert, 20453 Saint Victoireboeuf"
RDV-P-0009,REY,Jeanne,Féminin,0557863775,"11, rue Peltier, 62999 Bouvier"
RDV-P-0010,MOULIN,Noël,Masculin,03 23 51 23 56,"52, avenue Rossi, 15956 DupuisBourg"
RDV-P-0011,BLANC,Lucas,Masculin,0361285309,"885, boulevard Gautier, 51839 Hervé-sur-Millet"
RDV-P-0012,MEYER,Émile,Masculin,+33 (0)3 68 03 98 14,"9, boulevard Rey, 47208 Wagner"
RDV-P-0013,MARTY,Adrien,Masculin,+33 (0)4 85 36 48 77,"34, rue Margaret Louis, 37338 Lemonnier"
RDV-P-0014,HARDY,Tristan,Masculin,0434312095,"7, chemin Cohen, 46729 Saint Marcel-sur-Mer"
RDV-P-0015,SIMON,Pierre,Masculin,04 76 79 58 31,"25, rue de Carpentier, 44283 Poulain-les-Bains"
RDV-P-0016,VIDAL,David,Masculin,+33 (0)4 75 56 44 18,"44, chemin Agathe Baudry, 50634 Saint Jeanne-sur-Mer"
RDV-P-0017,GUYON,Édith,Féminin,0232408063,"95, chemin Samson, 03141 Klein"
RDV-P-0018,ROUX,Sébastien,Masculin,+33 2 32 60 10 45,"51, rue de Didier, 68823 Boucher"
RDV-P-0019,BECKER,Claudine,Féminin,+33 1 73 49 57 40,"42, chemin Hervé, 82171 Renard-les-Bains"
RDV-P-0020,AUBERT,Jacqueline,Féminin,02 30 61 38 55,"900, chemin Joséphine Roy, 10939 Muller-sur-Leclercq"
RDV-P-0021,FERNANDES,Étienne,Masculin,0258813582,"chemin Bègue, 22137 Rocher"
RDV-P-0022,DIJOUX,Hugues,Masculin,0143937434,"66, avenue Nathalie Le Goff, 36836 MaryBourg"
RDV-P-0023,CARPENTIER,Nathalie,Féminin,0449584231,"boulevard de Payet, 20599 Saint Anoukdan"
RDV-P-0024,MAILLARD,Julie,Féminin,+33 (0)5 87 03 62 33,"chemin Monnier, 91354 Leblanc-sur-Mer"
RDV-P-0025,SAMSON,Élodie,Féminin,05 96 60 61 12,"92, rue Morin, 27881 Roger"
RDV-P-0026,AUBRY,Benoît,Masculin,+33 2 23 53 88 69,"10, chemin Grenier, 58445 Barre-sur-Gros"
RDV-P-0027,GAUDIN,René,Masculin,+33 4 76 05 30 92,"75, boulevard Henri Perrier, 35359 Parent"
RDV-P-0028,ARNAUD,Marcelle,Féminin,+33 (0)2 50 66 70 25,"80, boulevard Valentine Gérard, 02354 Saint Édith"
RDV-P-0029,ROUSSEL,Yves,Masculin,0748137377,"chemin Alexandre Moreno, 75324 Lambert-sur-Mer"
RDV-P-0030,BRUNEL,André,Masculin,06 30 92 82 69,"78, chemin Lorraine Maury, 20456 Mahe"
RDV-P-0031,TEIXEIRA,Dominique,Féminin,0601456489,"19, avenue Pichon, 51573 Lévyboeuf"
RDV-P-0032,GOMEZ,Georges,Masculin,0531958307,"166, chemin Mary, 31326 Sainte Luce"
RDV-P-0033,MARTEL,Alice,Féminin,+33 (0)4 95 21 92 77,"953, rue Bouchet, 68339 Maillet-sur-Foucher"
RDV-P-0034,MENDÈS,Josette,Féminin,03 52 92 75 68,"rue de Collet, 73607 Martineau"
RDV-P-0035,BARBE,Jacqueline,Féminin,0516455010,"8, avenue Thibault Wagner, 49698 Collin-sur-Pereira"
RDV-P-0036,CHARPENTIER,Pierre,Masculin,03 51 34 38 85,"750, boulevard Aurélie Garcia, 42577 Sainte Bernadette"
RDV-P-0037,LECLERC,Anouk,Féminin,+33 5 90 98 37 05,"32, chemin Michèle Martinez, 19763 Blondel"
RDV-P-0038,MENARD,Alfred,Masculin,0798914240,"30, boulevard de Ledoux, 97426 Blot-la-Forêt"
RDV-P-0039,MICHAUD,Maryse,Féminin,+33 3 51 37 03 58,"24, rue Frédérique Jacques, 80619 Saint Margaret-sur-Mer"
RDV-P-0040,SANCHEZ,Laurent,Masculin,03 51 23 33 58,"719, chemin Mary, 03632 Simon"
RDV-P-0041,CARLIER,Sophie,Féminin,+33 5 67 72 08 42,"444, rue Jeanne Barbe, 34160 Ferreira"
RDV-P-0042,LOMBARD,Bernadette,Féminin,06 17 78 67 31,"9, avenue de Pineau, 14514 Ferreira-sur-Labbé"
RDV-P-0043,NGUYEN,Benoît,Masculin,03 27 04 72 12,"29, avenue de Maréchal, 40471 Saint Marc"
RDV-P-0044,CHAUVIN,Emmanuel,Masculin,0353663994,"3, rue de Fischer, 17823 Maillard-la-Forêt"
RDV-P-0045,GOMES,Stéphane,Masculin,+33 (0)3 75 54 52 41,"87, chemin Gay, 97453 Cohen"
RDV-P-0046,LEBRUN,Aimé,Masculin,+33 (0)2 69 11 32 30,"19, chemin Camille Peltier, 85841 Jacob-les-Bains"
RDV-P-0047,LEBLANC,Catherine,Féminin,+33 (0)6 50 74 48 26,"avenue Inès Bailly, 57237 Raynaud"
RDV-P-0048,BOUVIER,Léon,Masculin,+33 2 90 99 57 80,"297, rue Girard, 31162 Ribeiro"
RDV-P-0049,JACQUOT,Bernard,Masculin,+33 4 91 34 96 97,"49, boulevard Arthur Peron, 29899 Laurent-la-Forêt"
RDV-P-0050,LABBÉ,Hugues,Masculin,01 82 68 86 20,"95, avenue de Pruvost, 39970 DuhamelBourg"
RDV-P-0051,LAURENT,Olivie,Féminin,0367800963,"chemin de Bouvier, 30504 Grenier"
RDV-P-0052,DIJOUX,Christine,Féminin,0361549614,"322, avenue de Louis, 86331 Besson-sur-Tanguy"
RDV-P-0053,LEFÈVRE,Olivie,Féminin,06 32 82 67 63,"95, rue de Boutin, 51227 Meunier"
RDV-P-0054,DUPUY,Stéphanie,Féminin,+33 (0)4 84 54 84 52,"65, chemin de Ferrand, 37770 Gay"
RDV-P-0055,RODRIGUEZ,Vincent,Masculin,+33 (0)3 39 49 19 27,"447, chemin Aubert, 16604 Saint Alexandrie"
RDV-P-0056,MAILLOT,Éléonore,Féminin,0450969246,"62, chemin Fontaine, 11400 Lombard"
RDV-P-0057,MARTIN,Catherine,Féminin,0485546985,"446, chemin Alexandre Marty, 09961 Françoisnec"
RDV-P-0058,CARPENTIER,Gabriel,Masculin,+33 2 29 76 43 24,"boulevard Zacharie Payet, 25473 Rousset-sur-Fernandes"
RDV-P-0059,MENARD,Françoise,Féminin,+33 (0)1 48 68 55 83,"51, boulevard Tanguy, 92492 Sainte Agathedan"
RDV-P-0060,PETIT,Jérôme,Masculin,+33 (0)4 82 29 87 98,"468, boulevard Collet, 64140 Hubertboeuf"
RDV-P-0061,PEREIRA,Richard,Masculin,+33 (0)3 56 91 18 69,"74, boulevard Henriette Leconte, 83417 Gallet"
RDV-P-0062,POULAIN,Victor,Masculin,04 20 20 06 28,"77, rue Baron, 05179 Sainte Paulette"
RDV-P-0063,ROUX,Zacharie,Masculin,+33 (0)2 30 79 08 63,"11, avenue Honoré Lévêque, 86239 Sainte Marinedan"
RDV-P-0064,RIVIÈRE,Arnaude,Féminin,04 87 36 48 22,"97, avenue Théodore Lebrun, 02316 Lelièvre-sur-Mer"
RDV-P-0065,TANGUY,Dominique,Féminin,+33 (0)2 18 51 68 52,"98, rue Julie Vincent, 77972 Besnardnec"
RDV-P-0066,DUPUY,Jeannine,Féminin,03 85 32 45 18,"4, rue de Hoareau, 09461 Kleindan"
RDV-P-0067,BERTIN,Alphonse,Masculin,+33 (0)2 51 11 15 76,"34, boulevard de Guyot, 22928 Baudry-sur-Neveu"
RDV-P-0068,LEBRETON,Emmanuelle,Féminin,05 47 03 63 33,"54, boulevard William Gaillard, 51902 Lacroix"
RDV-P-0069,MAILLOT,Léon,Masculin,+33 (0)6 26 90 93 14,"356, avenue Valentine Girard, 77246 Giraud"
RDV-P-0070,GAUTIER,Noël,Masculin,01 39 43 04 18,"91, boulevard Nicole Poulain, 22613 MartyBourg"
RDV-P-0071,LABBÉ,Christophe,Masculin,+33 2 77 40 99 13,"74, chemin de Ferreira, 42371 Aubry-sur-Garnier"
RDV-P-0072,PASCAL,Marcelle,Féminin,+33 (0)3 64 05 94 11,"597, boulevard Bruneau, 44995 Guichard"
RDV-P-0073,CHEVALIER,Marcelle,Féminin,+33 5 34 89 34 84,"745, rue Michel Rousset, 78291 Simon-sur-Lemaire"
RDV-P-0074,CORDIER,Louise,Féminin,0557944392,"81, boulevard Renée Diaz, 45202 Moreau"
RDV-P-0075,JEAN,Jérôme,Masculin,01 80 97 37 81,"88, rue Leclercq, 14175 Allard"
RDV-P-0076,BOUTIN,Thibault,Masculin,+33 (0)5 65 28 73 18,"42, chemin Dorothée David, 82578 Sainte Denis"
RDV-P-0077,LEDOUX,Marcelle,Féminin,+33 (0)3 88 77 22 36,"59, avenue de Descamps, 54678 Sainte Isaac"
RDV-P-0078,MORENO,Eugène,Masculin,0449552399,"624, chemin Schmitt, 68479 Sainte ÉricVille"
RDV-P-0079,TECHER,Éléonore,Féminin,+33 5 87 70 57 32,"28, avenue Michel Bodin, 48291 Hamonnec"
RDV-P-0080,BRETON,Anastasie,Féminin,04 94 52 96 05,"12, boulevard de Henry, 30729 Gaillard-sur-Leduc"
RDV-P-0081,MÉNARD,Françoise,Féminin,+33 5 16 19 26 09,"22, chemin Charles Brunel, 76596 Pascal"
RDV-P-0082,BECKER,Claudine,Féminin,+33 1 73 49 57 40,"27, chemin de Maillet, 83938 Saint Édith"
RDV-P-0083,MÉNDÈS,Josette,Féminin,+33 6 38 79 24 03,"9, rue Aimée Da Costa, 34680 Riou-sur-Clément"
RDV-P-0084,ROUX,Sébastien,Masculin,02 37 09 62 78,"87, chemin Thierry, 87830 Fernandez-sur-Chevallier"
RDV-P-0085,GOMÉZ,Georges,Masculin,0531958307,"rue de Leblanc, 28619 Regnier-sur-Mer"
RDV-P-0086,PASCAL,Marcelle,Féminin,+33 (0)3 64 05 94 11,"52, chemin Nicolas Moreau, 97121 Fischernec"
RDV-P-0087,MAILLOT,Léon,Masculin,03 52 08 11 14,"356, avenue Valentine Girard, 77246 Giraud"
RDV-P-0088,MORÉNO,Eugène,Masculin,0449552399,"292, avenue de Perrier, 91188 Sainte Véronique"
RDV-P-0089,RODRIGUÉZ,Vincent,Masculin,+33 (0)3 39 49 19 27,"77, rue de Guibert, 94138 Huet-sur-Vasseur"
RDV-P-0090,DIJOUX,Christine,Féminin,0361549614,"46, chemin Royer, 45548 Sainte Lucas"
RDV-P-0091,LÉBLANC,Catherine,Féminin,03 45 44 99 10,"25, boulevard Lamy, 67680 Bousquet"
RDV-P-0092,ROUSSEL,Yves,Masculin,0748137377,"chemin Alexandre Moreno, 75324 Lambert-sur-Mer"
RDV-P-0093,LÉDOUX,Marcelle,Féminin,06 28 40 84 92,"847, chemin Masse, 91798 SeguinVille"
RDV-P-0094,DUPUY,Jeannine,Féminin,03 85 32 45 18,"61, avenue Payet, 71544 Rodriguez"
RDV-P-0095,RIVIÈRÉ,Arnaude,Féminin,04 87 36 48 22,"934, avenue Auguste Robert, 39700 Da CostaBourg"
RDV-P-0096,MEYER,Émile,Masculin,+33 5 36 59 81 39,"1, avenue Traore, 58347 Gaillard-sur-Poulain"
RDV-P-0097,GIRAUD,Benoît,Masculin,+33 (0)6 68 25 15 11,"382, avenue Élise Reynaud, 07318 Vasseurnec"
RDV-P-0098,MAILLOT,Éléonore,Féminin,0518884443,"34, boulevard Leroux, 76806 Saint Caroline"
RDV-P-0099,ROCHE,Léon,Masculin,0468074120,"7, rue de Diallo, 26368 Boyer"
RDV-P-0100,MOULIN,Noël,Masculin,03 23 51 23 56,"26, avenue Théodore Dijoux, 20450 Cousin"
